Gr Liv Area,Overall Qual,Year Built,SalePrice
1656,6,1960,215000
896,5,1961,105000
1329,6,1958,172000
2110,7,1968,244000
1629,5,1997,189900
1604,6,1998,195500
1338,8,2001,213500
1280,8,1992,191500
1616,8,1995,236500
1804,7,1999,189000
1655,6,1993,175900
1187,6,1992,185000
1465,6,1998,180400
1341,7,1990,171500
1502,8,1985,212000
3279,8,2003,538000
1752,8,1988,164000
1856,9,2010,394432
864,4,1951,141000
2073,6,1978,210000
1844,6,1977,190000
1173,7,1974,170000
1674,7,2000,216000
1004,6,1970,149000
1078,5,1971,149900
1056,5,1968,142000
882,4,1970,126000
864,4,1971,115000
1337,7,1999,184000
987,6,1971,96000
1092,5,1971,105500
1092,6,1971,88000
1069,6,1977,127500
1456,6,1975,149900
836,7,1975,120000
1456,6,1978,146000
2334,9,2009,376162
1704,8,2007,306000
1940,9,2009,395192
1544,8,2009,290941
1541,7,2005,220000
1698,9,2005,275000
1822,8,2005,259000
1535,7,2004,214000
2364,9,2009,611657
1358,7,2009,224000
2696,9,2003,500000
2250,8,2002,320000
1752,9,2005,319900
1370,8,2006,205000
1626,7,2003,175500
1324,6,2005,199500
1145,7,2006,160000
1269,8,2004,192000
1374,7,2004,184500
1960,6,2002,216500
1733,7,2004,185088
1430,7,2000,180000
2035,7,2001,222500
2599,9,1999,333168
2475,8,1998,355000
1720,7,1996,260400
2622,8,1994,325000
2270,8,1999,290000
1839,7,1998,221000
3238,8,1995,410000
1595,8,2005,221500
1218,7,2009,204500
1547,7,2009,215200
1566,8,2008,262500
1947,7,2004,254900
1468,6,2005,271500
2084,7,2004,233000
1659,7,2004,181000
2110,7,1994,205000
923,6,1980,143000
1845,6,1992,189000
918,6,1979,99500
752,6,1984,125000
1744,7,1993,194500
1097,6,1984,152000
1564,6,1980,171000
1012,5,1920,67500
1902,6,1978,112000
1155,5,1961,148000
894,5,1965,138500
900,5,1967,122000
1040,5,1963,133000
1040,5,1962,127000
1494,6,1974,169000
1923,7,1992,190000
2349,8,1993,362500
2225,8,1992,285000
1488,7,2004,260000
1680,7,2004,190000
1200,7,2004,155000
1200,7,2004,151000
1200,7,2004,149500
1236,6,2005,152000
1478,7,2009,222000
1573,6,2000,177500
1512,6,2000,177000
1416,7,1999,155000
1080,7,2003,147110
1418,8,2010,267916
1848,8,2000,254000
788,8,1980,155000
1226,8,1978,206000
1479,6,1976,130500
1492,7,2002,230000
1829,6,1967,218500
2495,6,1993,243500
1610,6,1977,205000
1891,6,1978,212500
1714,7,1988,196500
1381,6,1972,197500
1645,6,1971,171000
1232,5,1966,142250
1328,6,1963,143000
1225,4,1959,128950
1209,5,1966,159000
1510,5,1967,178900
1775,6,1964,136300
1152,5,1964,180500
1054,6,1963,137500
1728,5,1962,84900
1078,5,1950,142125
2461,5,1952,197600
1556,6,1949,172500
858,5,1958,116500
1306,3,1940,76500
1063,5,1954,128000
1520,6,1955,153000
1268,5,1954,132000
1128,6,1966,178000
2274,5,1960,154300
2207,7,1970,180000
1888,6,1966,190000
1604,5,1958,135000
1480,7,2003,214000
1143,5,1959,136000
1700,5,1959,165500
1314,5,1957,145000
1194,6,1959,148000
1188,5,1959,142000
1264,5,1960,167500
1206,5,1959,108538
1580,6,1959,159500
1337,4,1956,108000
1064,5,1952,135000
972,5,1955,122500
988,5,1958,119000
1057,5,1953,109000
985,4,1920,105000
827,5,1955,107500
1086,5,1954,144900
936,5,1956,129000
1458,6,1948,97500
1056,6,1980,144000
1287,5,1959,162000
2978,7,1967,242000
1224,6,1948,132000
1246,5,1959,154000
1385,5,1952,166000
900,5,1951,134800
1116,6,1962,160000
1175,5,1960,148000
1395,6,1963,192000
1839,6,1966,155000
1844,4,1900,80400
1140,4,1910,96500
936,5,1920,109500
1028,5,1927,115000
1347,5,1957,143000
1605,3,1915,107400
747,4,1945,80000
804,5,1940,119000
1316,5,1929,130000
1251,6,1938,119000
1633,5,1948,129000
1245,5,1920,100000
832,2,1923,12789
720,6,1928,105900
1566,8,1900,150000
1652,5,1915,139000
2268,8,1890,240000
2256,5,1910,76500
1236,6,1957,149700
1363,4,1910,125500
2290,4,1885,122500
1470,6,1922,140750
1612,5,1950,128500
2068,7,1922,209500
765,4,1925,87000
1132,6,1939,134000
1196,6,1940,128000
1453,5,1942,132000
1416,6,1948,139900
1040,5,1936,123900
1536,5,1930,138400
1068,6,1923,109500
1710,7,1921,140000
1962,4,1915,149500
1560,6,1912,159900
1324,6,1920,122000
816,5,1963,110000
1092,4,1930,55000
1812,5,1900,140000
2403,7,1940,244400
1675,5,1959,173000
1224,5,1917,107500
1392,5,1915,100000
919,6,1940,95000
1884,4,1907,93369
1680,5,1910,114900
1020,5,1875,94000
1832,4,1967,136000
1768,4,1968,136500
1039,5,1965,131500
1392,5,1957,121500
912,5,1967,125000
1060,5,1968,154000
892,5,1966,137900
1352,6,1969,158000
864,5,1968,137250
1373,5,1978,160250
1440,5,1968,163000
1386,6,1978,158900
2260,7,1996,328000
1483,7,1977,270000
756,4,1927,85000
1067,4,1950,128000
1524,7,1979,260000
1981,6,1978,230000
1610,3,1938,124000
835,5,1920,83000
1074,6,1950,144500
1144,5,1956,129000
1531,4,1947,127000
1172,5,1954,128000
1212,6,2009,186000
1508,7,2009,308030
1298,5,1964,114000
930,4,1946,84900
1732,6,1985,178000
1433,7,1987,270000
1802,6,1993,218000
1949,7,1993,236000
996,6,1992,147000
1694,8,2008,245350
1208,7,2006,206000
1226,7,2009,198900
1222,7,2010,187000
3222,7,1990,320000
1445,6,1900,138500
1052,6,1971,155000
965,5,1996,159000
1692,7,1997,191000
1682,6,1998,200500
1026,5,1977,150000
1392,6,1977,161750
894,5,1976,128200
876,5,1972,127000
1978,8,2003,318000
1601,8,2001,272000
1829,7,2003,237000
2098,7,1997,240000
1661,7,1998,224900
848,6,2003,143750
848,6,2004,143000
1668,8,2003,232000
1484,7,2004,213000
1414,7,2004,185500
640,3,1945,84900
992,5,1954,155891
1664,5,1965,100000
1196,5,1968,144000
1120,4,1948,64000
1096,6,1975,125200
1117,6,1976,107000
960,4,1958,90000
1121,4,2003,140000
1487,6,1945,113000
924,4,1941,80000
1526,5,1957,144500
1296,5,1924,104000
1647,6,1915,128000
864,3,1914,58500
1691,5,1924,127000
856,6,1939,126000
2650,4,1967,160000
1666,5,1931,100000
2447,6,1919,169000
2133,7,1941,257500
2177,5,1950,215000
2340,7,1941,266500
1902,7,1959,335000
1652,7,1994,203135
1034,8,1989,185000
1191,8,1989,162500
1801,7,1959,289000
1154,4,1922,125500
540,2,1941,82000
1107,6,1921,110000
1128,4,1920,68400
1178,4,1900,102776
1044,5,1952,55993
952,4,1896,50138
1646,8,2004,246000
1916,8,1998,254900
1285,6,1977,190000
1560,7,2003,201000
1034,6,1976,169900
2048,6,1976,170000
1687,5,1948,160000
1346,7,2008,220000
1214,7,2009,179781
1444,5,2006,174000
1968,8,2009,269500
1894,7,2002,214900
1908,8,2002,202900
2018,9,2008,378500
1264,5,1965,169000
1430,5,2004,173500
1824,6,1971,139000
1344,5,1999,166500
1092,4,1973,83500
945,5,1973,119500
1112,5,1976,85000
1092,4,1970,76000
630,4,1972,75500
1092,4,1970,88250
1092,4,1972,85500
874,5,1971,130000
1188,5,1962,157900
833,5,1984,149900
2432,5,1985,159000
1274,5,1991,136000
1479,5,1969,161000
1803,8,1994,285000
1797,6,1993,231000
882,6,1956,124500
1434,6,1974,157000
2704,8,1972,345000
1608,6,1997,189500
2283,8,2003,270000
1628,7,1996,189000
1746,9,2006,377500
1474,7,1995,168500
2522,8,2004,375000
1659,8,2000,278000
1478,8,1998,240000
1734,8,1995,239500
1382,7,1998,177500
1718,7,1998,185000
1636,6,1998,191000
1571,6,1993,178000
1470,6,1993,185000
1516,6,1994,181316
1190,6,1993,166000
1593,6,1992,178000
1481,6,1994,174000
1167,6,1992,173000
1983,7,1999,225000
1442,7,1990,180500
1360,8,1984,187500
2234,9,2008,501837
2046,8,2008,372500
1530,7,2005,260000
1934,5,1977,185000
2353,7,1980,260000
1586,6,1979,181000
1411,7,1977,82500
1602,6,1977,215000
2050,7,1978,154000
1671,6,1978,200000
2673,7,1980,249000
1472,7,1980,187500
1707,6,1978,184000
2524,8,1981,278000
1601,7,1978,157000
1370,7,1976,152000
1868,5,1976,197500
1884,7,2003,240900
1935,8,2009,263435
1874,8,2000,220000
1811,8,2002,235000
1621,5,1975,213000
1116,6,1974,167900
1193,7,1975,158000
1350,6,1974,165000
2119,6,1972,158000
1792,5,1974,136000
1002,5,1970,148500
1026,6,1969,156000
1180,5,1970,128000
1050,5,1971,143000
864,4,1970,76500
864,4,1970,120500
864,4,1970,124500
864,4,1971,97000
864,4,1971,130000
987,6,1973,111000
1365,5,1970,125000
1302,5,1971,112000
987,6,1972,97000
987,6,1972,118000
1302,5,1972,119500
958,6,1976,143750
1548,6,1976,146000
1456,6,1976,148500
1055,7,1975,123000
1322,6,1974,147000
1456,6,1977,137900
1548,6,1978,147000
1441,6,1978,148500
1456,6,1978,138000
836,7,1976,128500
892,5,1967,100000
1120,5,1966,148800
1718,10,2006,337500
2772,9,2007,462000
3140,9,2008,485000
2402,10,2008,555000
1652,9,2006,325000
1600,8,2007,256300
2042,8,2008,253293
2690,9,2009,398800
2184,9,2008,335000
2020,9,2008,404000
2020,10,2009,402861
2296,10,2008,451950
2674,10,2007,610000
2822,9,2008,582933
1736,9,2008,360000
1782,8,2004,296000
2520,8,2007,409900
1717,8,2006,255500
1743,9,2008,335000
1713,8,2004,274900
1531,9,2006,300000
1808,9,2008,324000
2224,9,2004,350000
1836,8,2004,280000
1629,8,2003,284000
1760,7,2003,269500
1502,7,2009,233170
2392,10,2003,386250
2452,9,2003,445000
2400,8,2003,290000
1606,8,2006,255900
1358,6,2005,213000
1306,6,2005,196000
1306,6,2005,184500
1358,7,2007,212500
1314,7,2007,230000
2492,10,2004,552000
2200,8,2003,382500
1884,9,2008,320000
1456,9,2008,248500
1712,8,2002,286500
1324,8,2006,254000
1405,7,2003,173000
1626,7,2003,173000
1456,7,2005,184000
1490,6,2005,167800
1484,6,2005,174000
1560,6,2005,174000
1555,7,2007,174000
1569,7,2007,175900
1555,7,2005,192500
1504,7,2005,181000
1220,7,2005,180000
1145,7,2005,160200
1432,7,2004,188500
2267,6,2002,200000
1374,7,2004,170000
1630,7,2004,189500
1419,8,2002,184100
1594,7,2004,195500
1489,7,2003,192000
1342,7,2003,178000
1314,7,2007,207500
2256,7,2000,236000
2004,8,2002,257500
2054,6,2000,244000
1374,7,2004,167000
1800,6,2000,179000
1514,6,2000,190000
1430,7,1999,156000
2312,7,1999,245000
1675,6,1999,181000
2060,7,1999,214000
1430,7,1999,168000
2365,8,1999,337000
2794,8,1995,403000
2687,8,2000,327000
2450,8,1998,340000
2612,8,1998,336000
2344,7,1996,265000
2063,8,1994,315000
2646,7,1993,260000
2061,7,1995,260000
2232,8,1993,263550
2448,8,1994,402000
1850,7,1994,248000
1468,8,2008,244600
1696,8,2008,275000
1658,8,2008,257500
1578,8,2008,287090
1702,8,2007,275500
1432,8,2006,245000
1971,7,2005,253000
2490,9,2005,468000
1852,7,2009,252678
1590,8,2008,210000
1218,6,2009,208300
1436,7,2008,225000
1314,8,2009,229456
1402,7,2008,229800
1530,9,2007,250000
1766,9,2009,370878
1448,8,2006,238500
2007,10,2008,310000
1795,8,2006,270000
1953,8,2005,252000
1550,7,2006,241000
1836,8,2008,264500
1662,7,2006,291000
2094,7,2003,263000
1221,7,2004,185000
1553,7,2003,234500
1653,7,2003,209000
1218,7,2007,159000
1141,7,2006,152000
1158,6,2004,143500
1812,7,2004,193000
1512,8,2004,203000
1200,7,2003,184900
1114,7,2004,159000
1114,5,2004,142000
1114,5,2003,153000
1450,7,2008,224243
2122,7,1996,220000
1844,8,2005,257000
1434,7,2001,189000
1730,6,1992,171500
1217,6,1980,120000
1332,6,1990,145000
1540,7,1994,184000
1400,6,1986,162000
1882,6,1981,160000
841,4,1950,82000
784,6,1928,76000
980,5,1962,110000
980,5,1977,135000
864,5,1961,141000
864,5,1961,122000
1020,5,1965,124100
912,5,1963,129000
1144,5,1961,131400
864,5,1965,62383
912,5,1962,123000
2014,8,1980,275000
1755,7,1991,235000
3005,7,2004,280750
1224,6,2009,164500
1224,6,2009,173733
1726,6,2008,222000
1256,6,2008,195000
1471,6,1999,172500
1512,6,2000,180000
1452,7,1999,156000
1739,8,1999,172500
1694,8,1977,318750
1226,8,1981,211500
1740,7,1981,241600
2499,8,1976,180500
1620,4,1976,150000
1556,6,1968,154000
1442,6,1970,185000
1489,6,1968,185750
2090,7,1973,200000
2067,7,1974,206000
1395,6,1972,162000
2640,6,1967,256900
1724,6,1967,197900
1336,5,1969,163000
1216,6,1969,113000
2288,7,1977,230000
1334,6,1977,167900
1680,7,1998,213250
1665,8,2001,227000
864,5,1967,130000
1568,5,1967,143000
925,5,1965,117500
2061,7,1974,168500
1320,6,1971,172500
1342,6,1967,161500
894,4,1960,141500
864,5,1959,118000
864,6,1959,127500
1362,4,1957,140000
1728,5,1956,177625
1776,5,1958,110000
1516,6,1964,167000
1313,5,1961,153000
1292,5,1964,145100
1154,5,1966,154000
2140,5,1965,177500
1445,6,1964,158000
1041,5,1959,124500
1576,6,1961,174500
960,5,1955,122000
708,4,1940,82500
1203,5,1950,110000
1505,6,1953,149500
1691,6,1967,175000
1644,6,1953,167000
1050,5,1956,128900
1668,6,1950,140000
1113,5,1950,147000
1584,5,1967,124000
1453,6,1961,187500
1394,6,1963,159000
1567,6,1966,256000
1986,7,1965,205000
2142,6,1968,193500
1392,6,1968,110000
1738,4,1920,104900
1144,5,1956,150000
1478,6,1957,156500
1329,7,1960,176000
988,6,1959,149500
1632,6,1958,139000
1215,6,1958,155000
1202,5,1956,120000
1382,5,1955,153000
1200,4,1956,144000
1382,6,1962,176000
1297,5,1954,153000
1866,5,1958,135000
1062,6,1954,131000
1319,5,1953,123000
1112,5,1951,126000
1005,4,1955,115000
1363,5,1951,164900
793,5,1945,113000
1031,5,1952,145500
1210,5,1953,102900
1699,3,1900,95000
1527,7,1948,152500
1200,5,1950,129900
972,6,1948,132000
792,3,1958,99900
1656,5,1916,135000
1352,5,1939,149000
1039,4,1900,114000
792,5,1924,109500
1078,5,1925,125000
2377,4,1915,142900
1690,7,1910,156500
599,2,1940,59000
1374,4,1920,105000
846,5,1920,106000
725,3,1890,78500
2544,6,1969,190000
1380,6,1963,154000
1040,6,1967,163000
2634,5,1969,200000
951,6,1958,143500
1105,6,1957,135000
1306,5,1957,153000
1478,6,1960,157500
1142,6,1958,113500
1268,5,1949,133000
1040,3,1950,92900
1133,6,1950,128500
1040,4,1949,90000
1904,5,1950,138000
1041,5,1958,128000
1339,5,1958,139000
732,5,1952,118900
1183,5,1959,138000
1148,5,1959,132500
1461,4,1949,133500
1495,6,1948,135000
1806,6,1964,144750
941,5,1978,145000
1045,6,1963,127000
894,5,1962,109500
1224,6,1926,115000
1230,5,1910,110000
1378,6,1935,128900
1944,6,1910,103500
1131,5,1941,66500
1306,5,1910,130000
1464,5,1910,129000
1558,5,1939,150000
2372,5,1892,107500
1701,4,1920,94550
1960,5,1952,124500
1389,7,1946,135000
1447,5,1910,103000
936,4,1953,93000
1328,5,1950,129500
1387,5,1954,93000
861,4,1920,80000
612,2,1940,45000
968,3,1910,37900
886,5,1938,91300
792,5,1923,99500
1452,4,1920,113000
1510,4,1910,87500
1284,5,1947,110000
2138,5,1898,106000
2640,7,1880,265979
2007,6,1900,160000
1288,6,1917,119000
1742,8,1882,168000
816,4,1910,58500
1482,7,1920,143000
1022,5,1910,85000
1869,5,1890,124900
1480,6,1920,119000
1521,6,1910,146500
720,4,1920,34900
797,3,1900,44000
1576,5,1923,223500
1432,6,1923,149000
1548,7,1925,205000
1654,5,1930,137000
952,6,1916,121000
1324,4,1936,128000
1176,6,1937,134900
1348,5,1925,117000
1412,6,1939,132500
1142,5,1924,93000
904,6,1926,119000
1301,5,1924,100000
1539,5,1936,141500
1573,4,1935,133000
800,2,1936,60000
875,5,1931,105000
995,5,1925,115000
1582,5,1938,150000
1072,5,1925,126500
2134,6,1916,214500
2019,7,1910,167500
1768,6,1915,155000
1826,7,1915,155000
1944,7,1915,179900
2229,6,1912,104000
2128,5,1922,62500
1930,6,1927,149000
1208,4,1925,103000
1427,6,1915,123000
1864,7,1902,97500
1666,6,1927,135000
892,4,1923,70000
1403,6,1915,116000
704,4,1946,88750
1200,5,1987,179000
1200,5,1987,179000
1152,5,1978,159900
904,1,1922,61000
1369,6,1925,103600
1112,5,1934,63000
1464,5,1963,175000
1121,5,1963,139000
1683,6,1978,172500
1052,5,1967,113500
899,5,1967,130000
1034,6,1978,149900
858,5,1982,134900
860,5,1982,137000
1092,5,1962,139000
1774,5,1961,165000
1138,6,1960,148000
2071,5,1956,165000
660,2,1947,63900
1788,4,1957,161500
1473,5,1968,143000
1229,4,1956,135000
861,4,1940,82500
1867,5,1955,190000
1733,3,1955,139600
1383,4,1954,122000
1689,6,1956,127500
1073,5,1956,121500
1276,5,1958,60000
1639,6,1946,154400
672,4,1941,113000
1089,5,1954,125000
845,4,1957,84000
1049,5,1984,139500
1716,5,1949,131000
1258,6,1939,105000
1510,4,1940,108000
1061,7,1990,162000
1338,6,1983,156500
2132,8,1983,316600
2196,7,1990,271900
1775,7,1993,213000
1879,7,1993,239900
2020,8,1995,239500
2016,5,1880,131000
1535,5,1979,118964
1224,5,1979,153337
2228,5,1979,147983
1535,5,1979,118858
1535,5,1979,118858
2240,5,1979,142953
1229,5,1979,148325
1513,5,1979,113722
2787,7,2000,269500
2787,7,2000,269500
2787,7,2000,269500
1680,9,2009,323262
1718,8,2007,297000
1630,8,2008,295493
1720,9,2008,332000
1468,8,2008,239900
1768,8,2007,212000
1838,8,2007,272500
1800,9,2007,239000
1604,7,2006,220000
1290,7,2007,200000
1254,8,2008,221800
1232,7,2007,194500
1498,8,2005,237000
1422,6,2005,173000
1644,7,1989,275000
1759,7,1992,233500
2126,5,1967,185000
1040,5,1996,152000
990,5,1994,143000
1764,6,1997,231500
1661,7,1996,212000
1463,7,1998,207000
1097,5,1994,145000
990,5,1994,138000
1779,7,1998,197900
1501,7,1999,204000
1431,7,1999,192000
1772,6,1998,200000
1660,7,2002,195000
1573,7,2002,227000
1840,7,2001,230000
1430,7,2001,187100
1444,7,2002,203000
1492,7,2001,201000
1040,5,1978,124000
907,5,1978,140000
914,5,1979,134900
1040,5,1977,150500
864,5,1978,136500
1268,5,1977,143500
864,5,1972,133500
894,5,1972,123000
768,5,1972,133900
768,5,1972,133000
1611,7,2002,250000
2184,8,2003,254750
1788,8,2001,236500
1872,8,2001,261500
2153,9,2000,313000
1725,7,2002,198500
1870,7,2001,211000
1513,8,1999,220000
1504,7,1996,203000
1828,8,2002,279500
1417,7,1997,210000
2034,7,1997,219500
1716,7,1996,191000
1212,7,2001,178000
1630,7,2000,213000
848,6,2003,144000
848,6,2003,140000
1602,8,2007,293200
1728,7,2004,190000
1500,7,2004,190000
1476,6,2005,173500
1396,6,2007,170000
1126,4,1949,108000
1486,5,1964,167000
816,4,1938,100000
1922,7,2003,198500
1426,6,1977,159500
1149,4,1960,127000
1125,6,1976,125000
1698,9,2007,320000
1072,6,2005,145500
698,5,1947,118000
876,4,1959,85000
1368,5,1950,120000
1529,4,1945,98000
864,5,1922,99900
944,3,1952,82000
1678,5,1959,119900
1560,5,1956,103500
960,4,1956,112000
1196,6,1920,110000
1298,5,1941,122000
1604,5,1941,117000
1268,5,1938,160000
1520,5,1932,159434
438,2,1920,60000
1489,6,1940,139500
3082,7,1920,197000
1242,6,1935,105000
1981,4,1928,135000
1232,6,1916,147500
1608,6,1925,137450
1135,7,1936,155000
1913,6,1928,177000
1477,7,1928,145000
1228,7,1918,137000
2080,7,1926,234000
1567,5,1940,205000
1494,6,1942,177500
1308,5,1940,160000
1273,5,1960,155000
964,5,1921,163500
1343,5,1921,154900
2480,7,1940,205000
1112,5,1954,144800
1564,7,1941,174500
1561,6,1960,193000
1523,5,1949,158000
1152,6,1950,158500
1906,6,1954,224000
1032,6,1980,115000
1229,6,1980,137000
1229,6,1980,121000
1229,6,1980,124000
1982,6,1986,208000
2365,7,1971,315000
1680,6,1988,222000
1344,5,1920,147000
2168,5,1900,123000
1192,5,1920,78000
1526,3,1915,85000
572,4,1925,75000
1648,8,2007,230000
810,2,1910,57625
2052,8,2000,251000
2149,7,2003,239686
1710,7,2004,240000
1961,6,2001,215000
926,6,1977,156450
1287,6,1977,173000
1734,5,1977,126000
1217,7,1990,173000
1595,5,1991,152000
1344,6,1958,137500
2036,7,1965,375000
1620,9,2007,315500
1692,7,2009,224500
2036,9,2008,410000
1641,9,2008,316500
1466,8,2007,201000
1412,6,1988,175000
2237,6,1980,204000
1479,7,1987,213500
1296,8,2001,220000
2014,7,2003,170000
1838,9,2006,315000
1978,9,2007,425000
1008,5,1968,139500
1771,5,1960,115000
1204,6,1998,162000
1224,6,1999,165000
988,4,1973,91000
874,5,1968,130000
630,4,1970,86000
1404,5,1969,160000
630,4,1970,80000
1344,4,1970,97000
1092,4,1970,88000
796,5,1972,131900
1091,6,1993,131250
1110,5,1978,165500
833,5,1985,112000
883,5,1992,149000
1362,5,1993,143000
1287,5,1992,130000
1567,6,1977,196000
1632,5,1969,173000
1414,6,1958,176500
2117,6,1970,237500
2112,6,1969,206900
1604,6,1997,187500
1470,6,1995,165000
1604,6,1998,195500
1638,6,1998,192000
1636,6,1996,173000
1384,5,1996,177900
1446,7,1996,175000
1593,8,2001,286000
1682,8,1997,247900
1337,8,1993,180000
1280,8,1992,180000
1604,6,1997,181000
1633,6,1998,183000
1658,6,1995,188000
1895,7,1994,194500
1709,6,1991,185000
1228,8,1988,189000
1337,8,1989,188500
2500,8,2005,355000
2504,9,2005,325000
1884,9,2004,387000
1474,6,1952,115000
1710,9,2007,334000
1488,6,1950,133000
2093,7,1986,215000
1688,7,1988,226500
1422,6,1981,175500
1260,7,1983,181900
2064,7,1978,235000
1782,7,1979,220000
2872,6,1977,272000
1211,6,1976,161000
1126,5,1977,175000
2044,7,1980,185000
1308,5,1969,146900
2840,7,1978,292500
1523,6,1976,180000
1444,6,1976,159900
1964,7,1976,205000
1178,5,1973,157000
2340,8,1996,306000
1792,5,1974,133000
1054,6,1969,151000
936,4,1969,111900
864,5,1971,123000
864,4,1972,111250
1337,6,1998,181000
987,6,1973,103400
987,6,1973,100000
987,6,1972,100500
987,6,1970,106000
987,6,1971,85400
987,6,1971,89500
1302,5,1972,111750
1069,6,1977,140000
1456,6,1975,143000
1055,7,1977,148500
892,5,1966,110000
1932,8,2008,394617
2332,10,2007,426000
2084,10,2007,385000
2713,9,2008,446261
1582,8,2007,317500
1710,8,2007,372402
2464,8,2007,417500
1950,9,2007,383000
2748,9,2006,390000
2790,10,2005,460000
2331,9,2005,379000
2088,8,2007,250000
2332,8,2004,316000
2470,10,2003,615000
2668,9,2003,412500
2046,7,2003,284000
1575,8,2003,284000
2649,8,2001,421250
2690,8,2003,370000
1866,9,2008,336860
1702,9,2008,367294
1367,7,2005,192000
1518,8,2003,274000
1684,9,2005,266000
1800,9,2007,370967
1342,8,2006,234250
1342,8,2006,219500
1626,7,2003,155000
1626,7,2003,154000
1358,7,2004,207000
1455,7,2003,195000
1576,7,2004,219990
1504,7,2005,191000
1266,7,2007,159895
1246,7,2007,187687
1515,6,2004,179000
1593,6,2004,193000
1166,7,2005,190000
1456,6,2005,176000
1720,7,2002,188000
1986,7,2003,213000
1358,7,2007,217300
1792,6,2000,186500
1892,7,2000,226750
1490,7,2004,184000
1414,7,2002,176000
2322,7,1999,225000
1651,7,1999,185900
2199,8,1997,284500
2630,8,1998,315000
2198,8,2000,250000
2172,9,2000,291000
2006,8,1998,350000
2125,7,1996,279500
2501,8,1995,290000
2113,8,1995,350000
2418,7,1993,341000
2197,7,1993,287500
2127,7,1994,271000
1987,8,1994,301500
1580,8,2007,235128
1933,6,2007,214000
1574,8,2006,232000
1578,7,2006,240000
1506,9,2008,264132
1563,8,2007,245000
1428,7,2008,227680
1861,8,2007,257000
1874,8,2007,297900
1460,8,2006,247000
1372,8,2007,212700
1372,7,2007,250580
1428,7,2007,182000
1768,7,2005,226700
1992,8,2003,250000
1958,7,2005,250000
2078,8,2007,339750
1665,7,2007,205950
1660,8,2007,256000
1218,7,2007,230348
1728,6,2003,207500
1080,7,2004,141000
1696,6,2003,188000
1663,7,2003,192500
1175,6,2005,146000
1114,5,2004,159000
1114,6,2003,155000
1640,6,2004,173000
1162,7,2007,170000
1609,6,1995,182000
1680,6,1993,163000
1679,6,1994,193500
1657,7,1994,189000
1677,6,2001,190500
1737,7,1992,175000
1294,6,1991,179200
1710,6,1993,187000
1617,6,1993,193000
1199,6,1993,153900
984,5,1963,128000
912,5,1962,144000
864,5,1961,135000
890,5,1968,115000
864,5,1963,119916
912,6,1961,142000
1430,6,1974,192000
1641,5,1972,140000
2683,6,1990,290000
2786,9,1993,372500
1391,7,2004,196000
1250,7,2006,171900
1245,7,2004,178000
1200,6,2005,165000
1392,7,2007,146000
1392,7,2007,146000
1501,7,1999,179400
1549,6,1999,172900
1638,9,2000,300000
1310,9,2001,285000
1419,9,2001,290000
1557,9,1999,305000
1709,9,1999,328900
1252,7,1999,160000
1404,7,1999,170000
1789,7,2001,223000
1586,8,1999,170000
1607,8,1999,200000
2393,10,1998,345000
1288,8,1996,245500
1239,8,1995,217500
1719,8,1993,324000
1232,6,1984,162500
2944,9,1977,150000
1671,8,1976,290000
1812,7,2002,205000
1682,7,1970,174000
1427,6,1969,183000
1740,6,1968,150000
1258,6,1971,145000
1620,7,1967,215000
1625,5,1965,140500
2614,6,1974,240000
1464,5,1968,141000
912,5,1965,147000
925,5,1965,135000
1728,5,1965,145000
1728,5,1965,142600
1656,5,1973,135000
1670,7,1971,170000
2715,8,1976,299800
1876,6,1974,185000
1632,6,1966,173000
999,7,1961,178400
1978,7,1968,176000
1014,5,1956,98000
907,4,1957,109008
952,4,1956,135750
1128,5,1963,155000
1425,6,1964,180500
1165,6,1966,174900
1136,6,1965,140000
1092,6,1964,145000
1265,5,1965,179900
1350,6,1964,168500
1114,5,1961,140000
1053,5,1959,145500
1252,6,1959,142000
1100,4,1960,141000
1118,5,1960,153000
720,3,1949,72500
729,3,1935,52000
1077,5,1939,118000
906,4,1937,87000
1496,5,1960,141500
1252,6,1950,119000
1337,5,1950,141500
1661,6,1955,165500
1036,5,1953,112900
1820,7,1965,201800
1362,6,1961,163000
1144,5,1961,139950
1537,6,1962,174000
1431,6,1962,165000
1988,6,1966,227000
1098,5,1955,135000
1144,5,1963,124000
1283,5,1962,140000
1176,5,1957,136500
1440,5,1959,185000
1261,6,1958,163000
1570,6,1958,166800
1196,6,1956,139000
1392,6,1957,166000
1080,6,1958,136000
1104,5,1956,133000
882,5,1952,116000
1152,5,1953,137500
950,5,1953,130000
1790,6,1957,180000
952,5,1951,139000
773,5,1953,110000
1764,5,1957,100000
1216,5,1947,118500
1824,5,1957,146000
869,4,1948,89900
1159,5,1925,114000
1558,5,1945,140000
672,4,1940,86900
1436,5,1922,139000
1294,4,1900,106250
1716,6,1962,171000
1044,5,1968,139000
1312,7,1958,186000
1253,6,1960,157000
1081,6,1960,148000
2069,7,1960,242000
910,5,1953,116000
876,5,1951,94000
1048,5,1950,98300
1507,5,1960,127000
1256,5,1959,159000
1027,5,1962,125900
1269,5,1960,155000
1320,6,1948,138000
984,6,1954,112500
832,6,1954,105500
1278,6,1954,127500
1800,5,1961,130000
1588,5,1955,150000
825,5,1954,109500
1796,6,1963,140000
1611,6,1964,167900
1117,5,1963,136870
1133,6,2008,143000
764,5,1925,73000
1539,5,1904,157500
1323,5,1948,122600
1360,5,1910,111000
2792,6,1920,256000
672,5,1940,64000
1456,6,1915,139500
1594,4,1910,118000
2082,7,2003,200000
1656,4,1940,119164
1740,5,1920,122250
1027,7,1920,120000
1436,6,1940,155000
899,5,1910,78000
1080,5,1890,95000
789,5,1948,115000
1122,5,1948,147000
1499,5,1946,140000
407,2,1946,46500
928,5,1957,112500
901,4,1954,107900
1588,3,1949,65000
3493,7,1880,295000
1627,5,1900,139500
1416,5,1915,153900
1450,7,1920,132000
1344,5,1916,98000
1017,5,1900,114000
2350,5,1920,130000
2058,6,1917,129500
1540,5,1905,129400
1378,7,1928,161000
1912,6,1905,163000
1484,6,1914,128000
2358,8,1872,122000
1111,7,1926,116900
2775,10,1893,325000
1086,2,1920,55000
2495,7,1890,184000
984,5,1959,110000
1795,5,1954,131500
882,5,1956,97000
1093,4,1958,115500
1143,5,1928,138000
1668,7,1945,108000
935,5,1930,79500
1738,5,1935,153000
784,5,1924,109500
1210,5,1941,124000
1290,6,1900,106900
1672,6,1940,164900
949,5,1924,119000
1158,6,1929,120000
1497,6,1937,157000
1342,6,1939,105000
1013,6,1926,113000
1216,5,1920,115000
896,4,1946,79000
1136,4,1929,123000
808,5,1945,81300
1573,5,1930,162900
2009,7,1939,150000
1902,5,1923,123500
1774,7,1931,129900
1362,6,1920,128000
520,4,1927,68500
1285,5,1948,127000
1848,6,1923,207000
1820,7,1925,184000
1716,6,1915,162500
1505,5,1940,145000
838,6,1918,130000
1984,6,1910,160000
1666,8,1925,161000
1609,6,1910,127500
768,6,1930,93850
1536,6,1952,136000
1969,6,1938,141000
1308,5,1915,120000
1040,6,1925,127500
1236,6,1925,127000
1406,6,1920,89500
825,5,1955,125000
1198,6,1920,79900
759,5,1912,85000
1344,3,1915,82375
1469,6,1906,135000
1054,5,1947,124000
1211,5,1968,134000
1271,5,1948,135000
1588,4,1959,134432
1355,5,1940,127500
1075,5,1963,148000
1040,5,1965,129500
1096,6,1978,157500
904,5,1966,109900
992,5,1967,145000
894,5,1967,130000
1034,6,1978,153000
1073,5,1967,120000
1126,5,1984,152000
1258,4,1969,108959
1140,5,1920,95541
1006,5,1959,80000
1228,5,1966,149350
960,5,1963,144900
1188,6,1956,185000
1383,5,1954,165000
1252,6,1960,235000
1601,5,1958,140000
672,5,1940,108000
1721,5,1960,145000
1350,5,1941,152400
904,5,1970,144000
1291,6,1996,173000
2022,7,1977,192000
1524,7,1979,245000
1363,7,1954,241500
1663,4,1954,256000
1357,6,1959,177000
1079,7,1948,125600
1094,6,1953,155000
2358,6,1908,240000
1518,5,1940,260000
1674,6,1918,185000
2108,6,1935,235000
1509,5,1956,159900
864,5,1975,99600
1269,6,1962,134500
1367,5,1900,119000
1347,5,1910,107500
1164,5,1950,125000
1096,6,1924,79000
1111,5,1941,95000
2329,7,1990,262280
2814,6,1995,260000
1626,7,1994,226500
2200,7,1993,225000
2037,7,1996,229000
1356,7,2007,177439
1615,8,2007,248500
2276,9,2008,475000
1766,9,2008,395039
2097,7,1993,228000
1511,8,1995,225000
1643,6,1966,195000
1688,6,1997,200000
990,5,1994,155000
1099,5,1995,144000
990,5,1994,145000
1418,7,1997,226001
1771,6,1997,215700
1652,7,2000,207500
1790,7,1999,193000
1724,7,1998,188000
1479,7,1999,191000
1494,7,2002,221000
1792,7,2001,231500
1823,7,2000,235000
1786,7,2001,223500
938,5,1975,130250
985,5,1977,149900
1174,5,1978,158000
1026,6,1978,147000
1076,5,1975,143195
1558,5,1975,163000
924,5,1975,110000
864,5,1972,127000
780,5,1972,124900
1795,8,2002,230000
2031,8,2002,237000
1865,7,2000,235000
2161,7,2001,230500
1852,8,1999,230000
2031,7,1998,222500
2263,8,2001,287000
1947,9,2001,274000
1786,8,2002,300000
2290,8,2002,255900
1768,7,2003,224900
2327,7,2003,240000
1640,7,2003,183000
1764,8,1999,207000
1908,7,1994,210000
848,6,2003,136500
848,6,2004,145000
1493,6,1997,208900
1838,6,1997,185000
1536,7,2002,214000
1710,7,2003,208500
1445,7,2004,186500
1436,7,2004,210000
1582,7,2004,185900
1234,8,2007,179900
1564,7,2007,218836
1361,7,2007,193000
1456,7,2005,189000
848,6,2004,149300
848,6,2004,141000
848,6,2004,149000
848,6,2004,144500
796,5,1910,85000
2200,5,1900,145900
1092,5,1966,123000
1256,5,1965,147500
1033,5,1976,165000
1127,6,1976,135000
996,5,1940,108000
1181,4,1972,137500
1656,7,2003,165400
1117,6,1977,147000
1398,6,1976,160500
1132,4,2005,176000
3820,5,1959,284700
5642,10,2008,160000
1072,6,2005,148000
1152,4,1955,82000
1152,4,1955,82000
1440,4,1955,118000
1152,4,1955,82500
784,4,1955,91900
1053,5,1938,120000
1137,5,1947,96000
930,4,1953,99000
1200,5,1946,130500
1470,4,1954,135000
1393,5,1955,135500
1204,4,1954,100000
1292,4,1923,108000
864,5,1925,98000
864,3,1914,67000
1716,5,1912,135900
1482,6,1925,140000
2192,5,1939,179500
1694,6,1925,136500
1424,7,1921,168000
1964,5,1911,130000
2601,5,1921,189000
1920,6,1930,161900
1316,6,1926,145000
2555,6,1922,191000
1680,6,1915,177000
1264,6,1914,147500
790,6,1930,91000
1512,8,1925,231000
1639,6,1936,115000
1603,6,1923,138000
1502,7,1931,149000
1660,6,1934,188700
1938,5,1937,198000
1374,5,1938,110000
1091,6,1951,104000
1873,8,1935,257076
3447,8,1935,381000
1954,7,1939,311500
2161,7,1950,263400
1898,5,1956,236500
1640,6,1954,224000
1032,6,1980,116500
1556,6,1980,151000
919,6,1926,126000
1090,6,1940,120000
796,4,1922,55000
816,6,1930,120500
778,5,1940,120500
1200,5,1930,119000
1656,5,1967,126000
912,5,1930,99500
1955,5,1958,165500
733,1,1952,13100
1361,4,1895,89000
1317,4,1920,40000
1049,4,1910,80900
894,3,1935,81000
864,4,1920,65000
1652,8,2008,392500
1648,8,2007,294464
1646,7,2004,250000
1646,8,2004,275000
2032,7,1996,300000
1689,8,2002,271000
1820,7,1996,213000
1118,6,1977,171000
1279,6,1977,171500
1872,5,1976,100000
1689,4,1991,228500
1786,5,1965,228950
1501,7,1986,241500
2898,8,1976,287000
1537,8,2006,294000
1646,8,2007,293077
1780,8,2007,264966
1442,5,2006,172500
1394,5,2006,167500
1612,7,2008,218689
1495,6,1989,150000
1651,6,1986,184000
1256,6,1986,180000
1509,6,1988,175000
1440,8,2003,232500
1675,6,1999,195000
2262,8,2003,305000
1728,8,2007,298751
1964,8,2005,370000
1344,7,1997,209200
1344,7,1997,206300
1092,5,2007,146000
1189,6,1997,160500
1200,4,1964,173000
1040,5,1975,124000
1304,5,1976,115000
1475,5,1976,129500
988,4,1973,105000
988,4,1973,94900
1160,5,1968,152500
1092,6,1970,98000
630,4,1972,81000
988,5,1954,113000
816,5,1983,128500
923,5,1984,119500
816,5,1982,130500
816,5,1982,138000
845,5,1982,134500
1750,6,1940,160000
889,5,1984,137500
1968,5,1969,172000
1836,5,1900,103000
1587,6,1971,167300
1277,7,1970,167000
2223,7,1973,244000
2217,8,1970,268000
1733,7,2003,225000
1572,6,1995,168000
1470,6,1997,177000
1600,6,1997,169000
1384,6,1997,161500
1652,8,2000,251000
1694,6,1994,160000
1714,6,1999,180000
1553,7,1996,178750
1253,7,1995,176000
2299,6,1999,204000
1187,7,1992,160000
1472,7,1991,160000
1482,7,1992,163900
1642,6,1993,168000
1128,6,1964,154204
1088,8,1986,170000
2090,7,1984,207500
1179,8,1988,182000
1321,8,1990,212000
1922,9,2005,377426
2541,8,2005,349265
2338,9,2006,591587
1424,5,1969,155000
1612,9,2006,319900
1419,8,2007,392000
2234,8,2006,441929
2042,10,2006,455000
1440,6,1981,182900
1284,6,1984,174000
1868,6,1984,178000
1479,7,1981,176000
1664,7,1978,213000
1930,7,1979,192000
1969,7,1977,190000
2030,6,1976,195000
1032,6,1978,148000
1177,6,1984,151500
1725,7,1979,197000
1353,6,1979,192350
1620,5,1969,152000
1220,6,1971,170000
1484,5,1971,175000
1743,6,1968,175000
1935,7,1976,197900
1324,7,1976,174000
1877,6,1974,178900
1109,5,1971,139000
981,6,1971,143250
1479,7,1972,184000
1422,5,1970,155000
914,5,1970,133000
950,5,1971,119500
872,4,1971,123000
858,4,1971,110000
914,4,1961,128000
864,4,1971,120500
767,7,1998,133000
1337,6,2001,155000
1337,6,1997,177000
1092,6,1973,113500
1218,6,1973,113000
1218,6,1973,113700
1302,5,1970,106000
1365,5,1971,122500
958,6,1976,128000
1548,6,1976,155000
1055,7,1978,142500
988,5,1966,129250
1816,9,2006,356000
1828,9,2007,314813
1694,8,2007,318000
1694,8,2006,322400
1734,8,2007,318000
2122,8,2007,345474
2121,9,2006,415298
2656,9,2007,492000
2550,8,2006,338931
2046,10,2005,450000
2172,7,2006,280000
2552,9,2007,479069
1973,8,2006,395000
2643,9,2006,380000
1634,8,2006,250000
1976,8,2006,440000
2758,9,2005,418000
2290,10,2007,500067
2152,8,2007,260116
2473,8,2004,317000
2100,8,2007,319500
2161,8,2007,325624
1802,9,2006,372000
2956,8,2004,342000
2468,8,2004,354000
2385,8,2003,350000
2374,8,2003,285000
1818,8,2007,281500
1614,7,2005,245700
1721,8,2005,232698
1828,8,2006,250000
1362,6,2005,194700
1302,6,2005,204000
1302,6,2005,200000
1362,6,2005,207000
1554,8,2006,209500
1554,8,2006,209500
1370,8,2006,202500
1577,9,2005,280000
1561,9,2005,277500
1869,9,2007,318061
1324,8,2006,221370
1405,7,2003,200000
1496,6,2007,181755
1536,6,2005,176000
1484,6,2005,178900
1458,7,2006,168165
1495,6,2006,171925
1746,6,2006,198444
1326,6,2005,203000
1456,7,2007,179540
1302,7,2007,176485
1340,7,2007,181134
1412,6,2006,156932
1504,6,2007,166000
1456,7,2007,177594
1258,7,2007,173500
1258,7,2006,172500
1402,7,2006,194201
1589,8,2003,226500
1266,7,2007,185485
1530,7,2004,259000
1119,7,2004,188500
1374,7,2004,175000
1959,7,2004,215000
1525,7,2006,206580
1720,7,2004,183500
1394,7,2003,165500
1948,7,2003,211000
1690,6,2000,181000
1995,7,2002,219500
1647,6,1999,175000
1430,7,2000,170000
1320,7,2003,162000
1690,6,2000,187000
1644,6,1999,185000
4476,10,1996,745000
2551,8,1997,384500
2285,8,2000,248000
2633,10,2001,466500
3078,9,1998,410000
2582,8,1998,322500
2385,7,1998,252000
4316,10,1994,755000
2013,7,1996,269790
2398,7,1996,315750
2520,7,1995,290000
2531,8,1995,290000
3228,8,1992,430000
2202,8,1992,263000
2538,8,1996,330000
1369,7,2007,213133
1542,8,2007,260261
1905,9,2006,320000
1464,8,2007,282922
1534,8,2006,215000
1966,10,2007,419005
1636,8,2006,255000
1795,8,2006,147000
1528,7,2007,235876
1726,7,2007,311872
1689,7,2007,248328
1588,8,2006,227000
1538,8,2005,260000
1496,8,2007,225000
1506,7,2005,249000
1694,8,2004,307000
1977,7,2006,250000
1830,8,2006,221300
1338,8,2007,208900
1335,7,2006,210400
1792,8,2007,255000
1588,5,2007,212109
1959,8,2006,270000
2610,8,2007,303477
1880,8,2007,310013
1656,8,2006,249700
1761,7,2007,227875
1584,8,2007,261329
1685,8,2006,253000
2443,6,2004,265000
2466,8,2004,340000
1100,6,2006,146000
1143,7,2006,147000
1094,5,2003,149000
1486,7,2006,181000
1721,6,1994,201000
1820,6,1993,191750
1349,7,2000,179000
1494,7,1998,215000
1575,6,1992,179200
1266,6,1980,128000
884,5,1983,144000
2020,5,1977,144000
894,5,1977,120750
970,5,1963,132500
1057,5,1962,132000
999,5,1962,132500
1120,4,1961,129000
1696,5,1962,143900
1040,5,1968,145000
988,5,1961,128500
902,5,1967,125500
2503,7,1990,300000
2167,7,1974,294000
1037,5,1974,129000
1701,5,1975,171000
1055,6,1973,147000
2810,8,1990,302000
2872,8,1992,285000
1378,8,2004,214000
1151,8,2006,166000
1565,8,2006,193800
1352,7,2006,208900
1352,7,2006,194000
1550,8,2006,207500
1241,7,2006,199900
1250,7,2006,164700
1501,6,1999,176500
1458,6,1999,176000
1512,6,2000,168500
1573,6,2000,177000
1525,6,2000,177000
1102,7,2004,148800
1441,8,1999,174000
1950,7,1997,239000
1358,7,1999,204000
2048,8,2003,301000
2362,8,1998,312500
1494,8,1994,279700
2362,7,1980,255000
1432,5,1978,194000
1437,5,1976,218000
1295,8,1978,213750
1855,6,1976,187000
1262,6,1976,181500
2497,8,1981,373000
2620,5,1977,190000
1929,7,2001,226000
1152,6,1968,143450
2411,6,1970,240050
1082,6,1969,162500
1295,6,1968,164000
1610,7,1972,185000
1594,7,1993,188500
2075,7,1993,255000
1680,5,1976,136905
1093,6,1966,158500
1242,7,1973,175500
1052,6,1963,127000
1107,5,1967,127000
1214,5,1967,143000
1073,5,1965,156000
1344,5,1958,144000
1728,5,1964,119000
1224,4,1964,103000
1422,5,1960,139900
958,6,1960,151500
1065,5,1960,126500
1138,6,1958,145000
912,5,1958,120000
1074,5,1956,124000
882,5,1959,106500
1187,5,1961,140500
964,5,1961,137500
894,5,1960,117600
1200,7,1966,163500
1042,6,1965,161000
1302,6,1964,158000
2154,6,1964,224500
1374,6,1964,147000
1652,6,1959,200000
1429,6,1960,181900
1327,5,1959,150750
1224,4,1962,101800
932,6,1950,124000
908,5,1940,138500
334,1,1946,39300
666,3,1946,64500
670,3,1945,64000
808,5,1958,112000
1977,6,1964,165000
1150,5,1955,144000
1920,5,1948,137000
1376,5,1941,105000
1644,5,1942,146500
1560,5,1968,126000
1280,5,1966,175000
1254,6,1961,158500
912,5,1958,114500
1524,5,1958,144000
2380,6,1965,129000
936,6,1957,141000
1008,5,1956,131000
1053,5,1963,142100
1056,5,1958,139000
1442,6,1958,157900
1056,5,1954,139400
1244,6,1957,150000
1144,5,1960,120000
1721,6,1957,174850
922,5,1957,116000
1048,5,1956,135000
1657,6,1970,163500
1411,5,1955,130000
1216,5,1955,129500
1154,5,1953,142000
1560,5,1958,128600
948,6,1952,125000
1040,6,1953,136000
1008,5,1953,134500
925,5,1956,127000
1360,5,1955,130000
1540,4,1955,115000
925,5,1955,116900
928,5,1956,132000
1647,4,1953,153000
924,5,1952,112500
1544,4,1890,138000
893,5,1949,135000
1728,5,1953,156000
3086,5,1935,301600
1034,5,1940,109000
882,4,1956,103200
1281,4,1925,128500
968,4,1927,64500
1534,5,1895,148000
691,5,1920,86000
1651,7,1963,172000
888,5,1961,120000
952,6,1968,128500
2080,5,1969,135000
924,5,1949,122900
1082,6,1948,119200
1846,6,1949,143000
988,5,1950,119000
1238,5,1950,102000
864,5,1950,129000
1134,5,1960,135000
1040,5,1959,152000
1170,5,1958,140000
1242,5,1960,152000
1377,5,1960,156500
1800,5,1961,141000
925,5,1961,99000
1851,6,1964,187000
1812,5,1962,169500
864,5,1962,125500
936,5,1962,130000
960,5,1926,103000
1432,5,1910,132000
1296,6,1927,127500
1022,5,1922,89500
936,5,1980,140000
967,5,1920,99900
1047,4,1885,100000
1072,5,1940,130000
1174,5,1900,135000
1183,3,1948,120000
1131,4,1937,89471
1141,4,1900,85000
960,4,1920,108500
1798,4,1900,137000
866,5,1945,110500
968,5,1923,100000
1772,8,1910,184900
1642,6,1927,145000
1472,5,1925,125000
1232,5,1910,114000
2337,5,1900,90000
1650,6,1910,144100
2210,6,1880,117500
1358,5,1930,124500
2454,7,1879,185000
2291,6,1910,133900
1616,6,1926,152000
1559,5,1948,153500
2554,7,1890,159500
1248,5,1930,87000
968,4,1956,104500
1382,4,1949,110000
1060,5,1925,136500
1435,5,1950,128250
1167,5,1920,144000
1635,6,1923,210000
1274,5,1939,135000
1232,6,1939,128000
1218,6,1941,131000
884,5,1939,113000
1409,6,1938,126000
1322,5,1939,132000
1426,5,1930,131750
1281,5,1926,132500
1513,5,1920,137500
854,7,1929,132000
1367,6,1931,127500
986,6,1926,102000
2264,6,1918,200000
1824,6,1919,180500
1376,6,1920,165000
1316,5,1926,90000
1396,6,1915,153575
1344,7,1929,140000
2526,6,1916,136000
1173,5,1901,113000
1214,5,1901,117000
1818,7,1931,169500
1108,7,1930,139400
2294,6,1963,202500
1355,6,1914,127000
1375,6,1937,141000
1952,7,1950,212300
2180,6,1915,161000
1315,4,1958,99500
1111,5,1920,101000
1196,4,1916,109900
1382,5,1941,128500
1889,7,1910,122000
840,5,1930,87000
1484,4,1910,50000
2267,7,1937,219000
3086,5,1946,200500
1134,5,1940,126000
1282,5,1942,108500
999,5,1963,130000
1452,5,1964,158450
1005,4,1964,115400
1029,4,1961,118500
1020,5,1964,165000
1040,5,1966,123000
913,6,1966,129000
894,5,1966,125000
948,5,1968,108000
868,5,1971,119900
897,5,1968,115000
943,5,1967,134500
955,5,1966,127000
894,5,1968,129000
1285,6,1977,143500
912,5,1966,129000
1375,5,1956,187000
2654,5,1920,158000
1416,5,1918,112000
1302,7,1940,165250
1299,6,1954,150000
1176,5,1958,137000
998,4,1945,89500
1824,7,1971,302000
1522,6,1984,182000
2060,6,1988,211000
1325,5,1948,216000
1630,5,1953,130000
1242,4,1946,109900
2422,6,1954,255000
2158,6,1950,243000
1626,6,1954,154000
864,5,1958,118000
943,4,1958,80000
1440,4,1977,150000
605,4,1920,86000
1038,5,1984,130000
1342,5,1951,125000
1480,5,1951,136500
1362,4,1920,96000
1340,5,1957,120000
1822,6,1984,228500
1442,7,1990,179900
2243,7,1990,225000
2730,7,1986,301000
2127,7,1991,238000
1982,7,1989,228500
1958,7,1994,220000
2696,7,2007,383970
2828,8,2006,424870
1651,8,2007,250000
2140,8,2006,360000
1494,7,2006,279500
1316,7,2007,200141
1651,8,2007,246500
2574,8,2007,276000
1274,7,2005,203000
1456,7,2006,155835
1240,7,2006,194000
1208,7,2007,195400
1546,7,2005,217000
1500,8,2006,212999
1270,7,2005,175900
1795,7,2005,191000
1314,6,2006,176432
2062,7,1988,277000
1873,7,1988,207000
2144,6,1958,277000
1953,6,1992,240000
2087,6,1966,187500
1743,8,1976,279000
1022,5,1994,139500
990,5,1994,126000
1200,6,1995,177500
1308,6,1997,175000
1796,6,1998,211000
990,5,1994,146000
1097,5,1996,147900
990,4,1994,123600
1786,6,1997,204750
1873,7,1999,235500
1753,7,1998,217000
1690,7,2001,190550
1842,7,2000,217500
1479,7,2003,226000
1668,7,2003,180000
894,5,1974,131000
1025,5,1976,153500
1009,5,1977,160000
1040,5,1977,134900
907,5,1977,130000
879,5,1975,120000
882,5,1972,112500
969,5,1975,122000
864,5,1972,127000
875,4,1972,117000
2000,8,2004,305900
2169,8,2002,228500
1673,7,2000,270000
1459,7,2002,192000
1932,7,2003,213000
1729,7,2002,200000
2452,8,1998,267000
1592,8,1994,228000
2439,8,2001,275000
1992,7,1996,211000
1668,9,2002,285000
2090,8,1995,240000
848,6,2003,131500
1341,8,1999,246900
1928,7,2003,219500
1337,7,2003,185000
1476,7,2007,179400
1797,7,2006,213500
1422,7,2004,179600
1190,7,2005,173500
1330,6,2006,167840
1491,7,2006,168675
1536,5,2005,167000
1214,5,1965,140000
936,5,1967,118500
1088,4,1963,110000
960,4,1965,94750
1351,5,1925,122000
1179,6,1960,110000
816,6,1990,118500
1044,6,1976,133500
1113,6,1976,148000
2233,5,1979,141000
1125,5,2006,155000
1090,5,2005,157000
1408,5,2005,171500
5095,10,2008,183850
4676,10,2007,184750
1072,6,2005,140000
960,5,1959,131750
1152,4,1955,61500
948,4,1954,111000
1195,5,1946,98500
774,3,1931,79000
865,6,1920,108500
894,4,1954,110000
1346,4,1910,112000
768,4,1955,125000
864,4,1955,79275
948,4,1954,119000
3395,6,1914,200000
2592,5,1923,150000
1502,6,1923,165000
789,5,1926,96500
1422,5,1926,136500
1298,6,1921,146500
1768,5,1937,175000
1098,7,1930,148500
1436,6,1921,141500
1426,7,1918,189950
1461,6,1926,135000
1646,7,1941,164000
694,5,1913,90350
1250,5,1910,139000
954,5,1938,119750
1958,6,1946,145000
2002,5,1949,145000
1718,7,1927,238000
1226,5,1951,153500
2624,6,1918,239000
3194,8,1934,359100
1755,4,1930,188000
1991,6,1932,220000
1355,5,1941,140000
2727,8,1932,315000
2320,6,1945,259500
1839,6,1957,257500
1740,7,1940,219500
2259,6,1953,217000
1560,6,1960,201000
1488,6,1968,215000
1045,6,1980,123900
1680,4,1995,170000
1020,8,1988,200000
1696,7,1971,198000
2515,6,1957,200624
2726,8,1986,315000
1517,5,1919,115000
1215,6,1940,141000
803,5,1941,87000
1601,5,1925,129850
1123,4,1939,100000
1828,5,1923,150909
816,5,1922,75200
1012,6,1920,118400
1077,5,1920,67000
1558,5,1950,152000
845,2,1939,68104
1991,5,1895,119600
1073,4,1957,140000
1001,5,1930,124900
1625,8,2006,375000
1625,8,2006,235000
1299,6,1979,183500
912,6,1978,156000
1080,6,1983,134000
1392,5,2002,215000
1409,7,2002,245000
1478,7,1991,210000
918,7,1975,148000
1026,6,1974,143000
1501,7,1987,244000
1502,7,1998,330000
1328,5,1959,170000
2279,6,1958,257000
1689,7,2006,231713
1564,8,2006,267300
1484,8,2006,265900
1571,8,2007,239000
1646,8,2006,248900
1240,7,1985,174000
1717,7,1990,187500
1756,6,1996,204000
1312,8,2001,180500
1146,7,2003,187500
1922,8,2002,282000
1491,6,1996,178000
1629,8,2002,270000
2486,7,2003,279900
1572,5,1963,186700
1776,8,2006,283463
1824,10,2006,392000
2482,8,2005,281213
1120,5,2007,147000
2034,3,1953,130000
936,6,1996,140000
1040,4,1963,132250
1632,5,1967,143000
1622,4,1961,168000
1060,5,1976,129900
1142,5,1976,134000
1092,4,1972,85500
992,4,1970,106500
1092,4,1970,93900
1092,4,1970,75000
630,4,1970,84500
1092,4,1976,75190
1062,6,1976,146800
1008,5,1977,153500
1356,6,1977,188000
1676,5,1977,196000
1432,5,1977,157000
796,5,1971,138000
768,5,1970,129500
1608,4,1961,80000
845,4,1982,129500
1178,5,1976,135000
816,5,1982,124500
816,5,1983,139000
974,5,1991,93500
887,5,1984,124500
1293,6,1954,149900
1024,6,1956,157500
1797,5,1957,169000
1390,6,1957,252000
1851,7,1969,192100
1525,6,1997,183500
2236,7,1997,222000
1671,6,1995,170000
1498,6,1995,187500
1776,6,1996,202000
1511,6,1997,185000
2462,7,2005,320000
1670,7,2006,240000
2064,8,2005,250000
1801,8,2005,239900
2212,7,2005,309000
2021,7,2006,274725
2687,8,1994,270000
1169,6,1993,183500
1501,6,1993,165600
1632,7,1998,176500
1204,8,1987,130000
1767,7,1987,239000
1742,8,1985,275000
2798,9,2005,457347
3390,10,2006,545224
2473,9,2006,356383
2868,9,2005,556581
2576,8,2006,361919
2698,10,2006,535000
2795,9,2005,401179
2945,10,2006,438780
2320,5,1948,169000
1056,5,1955,145000
1714,9,2005,318000
1826,8,2005,319000
2000,9,2005,470000
1621,7,1984,202500
2183,7,1988,229000
2263,7,1977,235000
1574,6,1976,190000
1102,6,1980,169000
1872,7,1988,241500
1857,7,1978,188900
1686,6,1980,207500
2784,7,1978,250000
1552,6,1975,179900
1083,7,1976,172000
2318,7,2005,294323
1875,6,1975,184500
1074,5,1975,153500
1664,7,1976,162900
1309,6,1974,181000
1103,6,1974,155000
1096,5,1969,138800
864,4,1970,116050
858,4,1971,88000
874,4,1971,97500
1419,6,2002,190000
1092,6,1973,105500
1365,5,1973,125500
987,6,1973,83000
1030,6,1972,116000
1218,6,1971,91500
1218,6,1972,118000
948,6,1972,89000
1092,6,1972,108000
987,6,1972,94500
1069,6,1975,146300
1387,5,1967,145000
900,5,1967,123000
1055,7,1976,137500
1456,6,1976,144000
1980,9,2004,315000
2589,9,2006,412083
2596,9,2006,342643
1618,8,2004,252000
2076,10,2006,465000
1740,7,2006,293000
1868,9,2005,415000
1850,9,2004,326000
2376,8,2005,325300
2452,8,2004,309000
2206,9,2005,300000
2098,8,2005,275500
2091,9,2005,338500
2324,9,2005,345000
2253,8,2005,344133
2389,8,2006,298236
2358,8,2005,329900
1944,9,2003,360000
1970,8,2006,281000
1792,9,2005,372397
1780,9,2004,378000
1792,9,2003,374000
2728,9,2005,437154
1904,8,2005,275000
1914,8,2004,279000
1364,7,2005,185850
1565,9,2005,282500
1368,7,2005,202500
1368,7,2005,202665
1686,9,2006,332200
1666,9,2006,310090
1405,7,2003,171750
1316,6,2005,169990
1456,6,2005,170440
1492,7,2006,169985
1496,7,2006,179665
1863,7,2006,219210
1326,6,2006,174190
1456,6,2006,172785
2373,8,2004,258000
1492,7,2006,185101
1364,7,2006,210250
1557,7,2003,234000
1456,8,2003,215000
1511,7,2002,246990
1414,7,2004,178740
1548,7,2004,225000
1248,7,2005,167240
1142,7,2005,156820
1506,7,2005,213490
1567,8,2006,264561
1500,7,2006,246578
1838,5,2005,192140
1509,6,2002,183200
1414,8,2004,178000
1598,7,2004,201490
1936,8,2000,230500
1509,7,2003,180000
1664,6,2000,172400
1889,6,2000,215000
1886,7,1998,199900
1671,6,2000,173000
2322,7,2006,287602
2291,7,1999,230000
2392,8,1997,348000
1976,8,1998,286000
2234,8,2000,300000
3627,10,1995,625000
2855,9,2000,405000
1924,8,1998,280000
2263,8,1998,258000
2726,8,1995,350000
3500,9,1993,584500
2494,8,1994,321000
2526,8,1994,290000
2799,8,1993,315000
1964,8,2005,252000
1670,8,2006,336820
2097,8,2005,423000
1660,8,2006,290000
1616,7,2005,232000
1504,8,2006,199000
1278,8,2006,198600
2640,9,2006,405749
1489,8,2006,232600
1939,8,2006,266000
1553,7,2005,186500
1716,6,2005,200825
1576,7,2006,197000
1262,6,2006,185000
1266,7,2005,176000
1301,7,2006,187750
1142,6,2005,139500
1400,7,2005,186800
1131,6,2005,132000
1141,6,2005,142500
1158,6,2004,158000
1686,7,2005,184000
1585,7,2005,184900
1837,6,1997,187000
1603,6,1992,175900
1731,6,1992,248500
1398,6,1990,172000
1217,6,1991,151000
1320,6,1994,150000
1056,4,1966,107000
965,5,1965,119900
988,5,1962,129500
1728,5,1963,125000
1654,6,1977,119500
1211,5,1962,144000
1212,6,1977,151000
984,5,1965,126000
909,5,1968,116000
925,5,1963,133500
1024,5,1965,120875
935,5,1965,137000
912,5,1964,124000
1236,5,1961,135000
941,5,1967,129200
2646,7,1974,260000
2417,8,1991,260000
2826,8,1992,334000
2520,8,1993,310000
2295,7,1992,268000
1624,8,1994,262000
1143,7,2004,176400
1247,8,2005,197000
1200,7,2005,151000
1223,7,2005,147400
1223,7,2005,149900
1200,7,2005,144152
1524,6,2000,166000
1452,7,1999,183900
1382,7,2000,165000
1080,7,2003,139000
1694,7,1997,200000
1568,8,2001,221000
1494,8,1995,270000
1208,6,1977,165000
1235,8,1980,214000
1036,8,1980,188000
1226,8,1980,190000
1226,8,1978,170000
1842,9,1981,385000
1193,5,1972,146500
1920,7,1968,170000
2156,7,1968,262500
1416,6,1968,179900
2654,6,1968,250000
1790,6,1972,165150
1334,7,1967,164500
1164,7,1969,140000
980,5,1967,135500
1051,5,1968,142000
1770,5,1968,155000
976,6,1968,157500
1052,5,1968,138500
898,5,1968,140000
1051,5,1966,124400
1141,5,1967,158000
1200,5,1965,146000
1993,6,1971,190000
1050,5,1961,136500
864,5,1958,129900
1712,5,1959,145000
1565,6,1965,185900
1251,6,1964,160000
1488,6,1964,167000
1440,5,1964,157500
1095,6,1958,140000
1053,5,1958,150000
1248,5,1960,151500
816,6,1934,129800
1008,5,1954,137000
1043,5,1947,137000
1230,4,1946,121600
869,4,1923,85500
747,4,1926,79900
1252,5,1908,127000
1433,5,1961,161000
1624,5,1952,146500
1216,5,1951,135000
2136,5,1951,137900
1578,6,1941,133000
1728,5,1949,137000
936,5,1954,121000
1584,5,1967,119000
1246,6,1964,172000
1235,5,1961,98600
2157,7,1966,226000
1128,5,1954,118000
3112,8,1918,235000
1008,6,1963,135000
1190,5,1962,132500
1144,5,1959,143000
1364,5,1957,132000
1383,6,1960,145250
1336,6,1958,162000
1370,5,1956,148000
1092,5,1957,141000
1124,6,1956,153000
1236,5,1957,134450
943,5,1979,135960
1050,6,1954,156000
1375,6,1954,140000
1008,5,1952,139500
1575,6,1951,155000
1145,5,1956,127000
1005,5,1956,133500
1056,5,1955,125000
884,5,1951,142000
2039,7,1941,167000
1384,5,1956,159000
2640,5,1925,180000
1312,6,1947,127000
1310,6,1924,112000
713,3,1930,99800
833,5,1954,117000
1073,5,1921,108480
715,3,1929,68000
720,4,1900,86900
1130,5,1920,120000
1595,6,1915,155500
1760,4,1910,80000
1214,3,1915,105000
2414,5,1900,160000
1466,5,1936,170000
1324,6,1965,160000
1086,5,1966,159950
1146,6,1963,165000
1734,6,1962,159000
1207,6,1962,147000
912,5,1964,115000
1194,6,1959,159500
864,6,1959,120000
816,5,1957,129900
1773,6,1961,183000
1472,7,1959,157500
2448,7,1962,277500
1600,5,1957,207500
1521,4,1950,147500
1192,4,1949,135000
1040,5,1950,109500
1040,4,1950,109900
1040,5,1959,133700
1040,3,1950,81400
1040,3,1949,87500
1040,3,1950,93500
1556,5,1960,119000
1150,5,1959,141000
1150,5,1961,146000
1348,6,1966,155000
999,5,1962,134500
1045,7,1962,120000
864,5,1962,105000
1025,5,1962,124000
2014,5,1900,169000
1328,4,1925,107000
1668,5,1948,135000
1657,4,1920,111500
1416,6,1900,156500
1641,7,1925,178000
1428,7,1900,139900
1004,7,1930,105000
813,6,1930,110000
1951,4,1900,111500
1032,6,1924,108000
844,5,1925,111500
1750,5,1880,124000
864,4,1950,105000
1118,6,1920,116000
1376,3,1905,96900
960,5,1955,135500
1566,5,1924,139000
492,3,1921,61500
1182,6,1945,120000
1163,3,1955,126175
840,3,1920,64000
1928,6,1910,137000
1774,4,1900,87000
1768,7,1914,163000
2104,7,1910,155000
1440,5,1900,79000
1690,7,1916,144000
1368,6,1910,114504
1762,7,1920,157000
1200,6,1923,125000
3608,10,1892,475000
1248,5,1920,93500
960,5,1958,125000
1020,3,1918,64500
788,4,1941,100000
1577,6,1939,140200
1827,6,1924,202500
1664,6,1947,159000
1118,5,1939,119900
1176,6,1934,114500
1344,5,1936,115000
1162,3,1930,75000
1015,5,1925,88000
912,4,1947,80500
1576,5,1928,149000
1324,5,1930,110000
1103,6,1925,110500
616,5,1921,89000
1048,5,1922,113000
816,5,1925,109000
2486,6,1962,220000
960,4,1970,129000
1635,6,1910,117000
693,4,1941,52500
1430,4,1924,107000
1330,5,1910,116500
819,5,1919,72000
1376,6,1937,119500
1360,5,1938,125500
1077,3,1922,91000
754,6,1935,84500
984,6,1930,90000
1422,5,1951,137500
1921,6,1964,150000
1640,5,1950,131000
1352,5,1958,130000
1032,5,1935,125000
879,5,1936,80000
1073,7,2004,157000
1382,4,1963,148000
1296,4,1967,90000
1068,6,1963,154500
1064,5,1967,153600
1320,5,1966,164500
934,6,1964,132000
1059,5,1966,142500
1159,5,1968,158000
1400,6,1978,149500
1458,5,1967,165000
1721,5,1968,180000
1040,6,1978,160500
1967,5,1977,156500
1949,5,1977,157000
1920,5,1958,172500
1803,5,1957,155000
1779,5,1955,170000
872,5,1924,105000
960,4,1965,145000
1437,5,1956,168000
1830,7,1967,278000
1000,5,1963,164000
2287,7,1953,225000
810,5,1971,130000
894,5,1974,142500
1700,7,1980,148400
1453,7,1986,190000
1350,4,1954,146000
1150,5,1942,128000
2008,5,1948,225000
2201,6,1966,274970
2009,6,1928,235000
3672,6,1935,415000
1560,5,1962,182000
1488,5,1952,135000
1057,5,1955,137000
1855,6,1954,136900
1609,6,1953,149900
1148,5,1952,123500
1124,5,1954,93000
1456,5,1948,91500
1298,6,1985,180000
2559,6,1989,209000
1911,8,1993,215000
1440,6,1993,224500
1876,7,2005,229800
1208,7,2005,183600
1220,7,2006,194000
1294,7,2006,193879
1614,7,2005,221500
1498,7,2006,204900
1962,7,2006,239799
1846,6,2006,233555
1734,7,2005,260000
1590,8,2005,294900
1809,7,2005,209700
1614,7,2005,225000
1596,7,2005,181000
1915,8,1992,220000
1582,5,1964,190000
988,6,1969,180000
1533,7,1975,280000
1388,6,1968,158900
914,5,1996,148000
1100,5,1996,145000
1499,6,1995,187000
1425,7,1998,193000
990,5,1995,156000
1525,7,2000,235000
1494,6,1997,217000
1588,7,1999,214000
1749,7,1999,196000
1779,7,1999,217000
1861,7,2002,200000
1776,7,2002,192500
1541,7,2001,205000
954,5,1976,132500
1388,6,1977,157500
1282,6,1978,174000
971,5,1969,128500
864,5,1972,128500
894,5,1972,149900
864,5,1972,119900
1320,6,1993,137000
1989,8,2002,255000
1762,7,2002,222000
1755,6,1999,214000
1358,8,2002,220000
1787,8,2001,275000
1909,7,2002,197000
1654,7,2002,230000
2214,8,1999,268500
2049,7,1996,210900
1939,7,1998,227000
1995,7,1995,237000
2097,7,1998,274300
1836,7,2004,216837
848,6,2003,133000
848,6,2004,155900
1919,8,2006,233230
1390,7,2003,207000
1948,7,2004,195000
1700,6,2003,200000
1737,7,2006,203160
1611,7,2005,195800
1552,7,2005,212900
1720,7,2004,196500
1336,7,2005,198000
1500,6,2005,173900
1456,6,2005,163990
1310,7,2005,164990
1436,4,1910,98000
1466,5,1959,149900
1220,4,1951,102000
1012,6,1975,127500
980,6,1975,127500
1176,5,1969,119900
1724,7,2003,196500
914,6,2002,117250
2314,7,2003,229000
1072,5,2005,145000
1072,6,2005,140000
1072,6,2005,142500
1709,7,2004,134000
1709,7,2004,130000
1709,6,2004,130000
1709,7,2004,137500
1708,7,2004,130000
936,4,1948,97900
1338,6,1915,92000
1669,4,1924,107000
1184,5,1910,81000
1221,5,1924,104900
864,5,1955,115000
1482,4,1954,125000
1250,5,1918,116000
1414,4,1922,83000
2230,4,1912,118500
498,2,1922,35000
1273,4,1910,121000
1928,5,1916,160000
1595,6,1940,140000
1551,5,1938,137000
1340,6,1945,128000
1479,7,1926,160000
1784,5,1914,138887
1510,6,1920,149000
1522,5,1926,102000
1636,7,1919,167000
1802,7,1920,200100
1465,5,1939,131000
1288,5,1941,112000
1717,7,1915,140000
1550,6,1920,195000
1517,8,1929,230000
1717,5,1940,194000
1180,4,1922,137500
2057,7,1936,250000
1671,7,1929,218000
2345,6,1932,239000
1609,7,1932,199500
1801,6,1930,210000
1811,6,1956,230000
1647,5,1977,217500
2315,5,1950,257000
1336,5,1953,157000
1844,6,1969,223000
976,5,1942,102000
1285,6,1926,145400
672,4,1925,72000
641,4,1925,85000
951,4,1936,106500
1638,6,1957,139000
1336,4,1920,108000
729,3,1945,51689
480,2,1949,35311
1396,5,1951,115000
936,3,1916,78000
1778,8,2005,375000
1646,8,2004,300000
1625,6,1979,242500
1664,6,1978,145000
1491,8,2001,209000
1004,6,1977,135000
1210,6,1975,148000
1959,7,1988,171000
2519,7,1989,335000
1295,7,1986,230000
1650,6,1958,250764
1707,8,1981,228000
1137,6,1987,176000
1339,7,1990,180000
2514,7,1990,250000
1403,6,2000,202000
1800,8,2002,312500
1960,8,2005,320000
2028,8,2005,369900
1838,9,2005,359900
1600,1,1951,81500
1368,7,1997,215000
1216,6,1998,164000
1337,6,1998,153500
1140,5,2006,84500
1304,5,1977,104500
1475,5,1977,127000
2521,6,1973,151400
874,5,1968,126500
1652,5,1970,146500
630,4,1970,73000
1092,4,1972,79400
1360,5,1969,140000
630,5,1970,92000
1092,4,1970,87550
1092,4,1970,79500
1092,4,1970,90500
1092,4,1970,71000
1728,6,1976,150900
1728,5,1976,188000
1126,5,1977,160000
1224,5,1960,131000
1003,6,1984,142500
902,5,1983,131000
970,5,1992,132000
1389,5,1974,170000
2000,7,1993,188000
